Original Name,Translated Name,Translated Description,Version
"""Camp Followers""",“军营追随者”,每当本单位激活时，每剩余1排则遭受1点命中。,2021
"A Man Freed, A Name Owed",一个被释放的人，一个被欠下的名字,当贾昆被摧毁时，你的对手标记1个你的战斗单位为目标，该单位遭受3点伤害。其中的1点伤害可用于摧毁该单位的1个步兵附属。,2021
A Name Given,说个名字,"**影响***（每当本单位宣称1个区域时，附加本卡至1个战斗单位处直至该回合结束）*：
影响1个友方步兵单位期间，该友方单位的近战攻击获得**精准**。",2021-S03
A Rose and its Thorns,玫瑰与它的刺,每当玛格丽宣称1个区域，你可以标记1个友方战斗单位。该单位恢复1点伤害。然后你可以标记1个与该单位交战的敌方。该敌方获得**脆弱**。,2021
Abundant Promises,丰厚的承诺,"· **精准**
· 在1次近战攻击完成后，移除本单位上任意数量的劫掠标记。每移除1枚标记，本单位恢复2点伤害。",2021
Accute Precision,精准,本单位的攻击获得**精准**。,2021
Adaptive,适应性,当你组建军队时，减少附加到本单位的1个附属的1点招募点数费用。,2021
Advantage Strike,先发制人,当攻击在本回合中未激活的敌方时，本单位的近战攻击可以重投任意攻击骰。,2021
Aerial Scouting,空中侦察,每轮次限1次，当这个单位执行1个布阵或行军行动时，在结算该行动前，本模型的易形者所在的单位可以执行1次2英寸调整。,2021
Affiliation: Bloody Mummers,从属关系：血戏班,本单位是血戏班单位。,2021
Affiliation: Builder,从属关系：工匠,本单位是工匠单位。,2021
Affiliation: Crannogman,从属关系：泽地人,本单位是泽地人单位。,2021
Affiliation: Frozen Shore,从属关系：冰封冻土,本单位是冰封海岸单位。,2021
Affiliation: Golden Company,从属关系：黄金团,本单位为黄金团单位。,2021-S03
Affiliation: House Bolton,从属关系：波顿家族,本单位是波顿家族单位。,2021
Affiliation: House Clegane,从属关系：克里冈家族,本单位是克里冈家族单位。,2021
Affiliation: House Karstark,从属关系：卡史塔克家族,本单位是卡史塔克家族单位。,2021
Affiliation: House Mormont,从属关系：莫尔蒙家族,本单位是莫尔蒙家族单位。,2021
Affiliation: House Tully,从属关系：徒利家族,本单位是徒利家族单位。,2021
Affiliation: House Umber,从属关系：安柏家族,本单位是安柏家族单位。,2021
Affiliation: R'hllor,从属关系：拉赫洛,本单位是拉赫洛单位。,2021
Affiliation: Rangers,从属关系：游骑兵,本单位是游骑兵单位。,2021
Affiliation: Stormcrows,从属关系：暴鸦团,本单位是暴鸦团单位。,2021
Agile,敏捷,敌方攻击本单位时攻击骰投掷结果-1。,2021
Ambush,伏击,敌方被本单位成功冲锋在侧翼或后方时获得**恐慌**和**力竭**。,2021
Arrow Volley,弓箭齐射,"· 在判断视野范围时无视单位和地形。
· 如果防御者投掷防御骰结果出现1时，在本次攻击结束后，防御者获得 **力竭**。",2021-S03
Avenging The North,北境的复仇,"**影响***（每当本单位宣称1个区域时，附加本卡至1个战斗单位处直至该回合结束）：
影响1个友方单位期间，根据已被摧毁的友方单位数量，该单位获得下述效果（效果可以累计）：
**0+：**单位获得士气检测投掷结果+1。
**1+：**近战攻击获得**致命一击**。
**2+：**自动通过所有恐慌检测。
**3+：**可以重投任意攻击骰。",2021
Backing of The Iron Bank,铁金库的支持,每场游戏限定1次，在任意轮次开始时，任意数量的友方战斗单位恢复5点伤害*（总数）*。,2021-S01
Bardiche,月牙砍刀,· **凶残**,2021-S03
Battle Prayer,战斗祷词,"游戏开始时本单位拥有1枚**信仰标记**。每当本单位通过士气检测时，获得1枚信仰标记。信仰标记可用于以下用途：
· **当敌方对本单位执行攻击时，在防御骰投掷后：**
本单位格挡+1点命中，且每被摧毁1排则额外格挡+1点命中。
· **当本单位执行近战攻击时，在攻击骰投掷前：**
本次攻击获得**破甲**，并可以重投任意攻击骰。",2021
Battle Scars,战争伤疤,"每当本单位执行近战攻击，在攻击骰投掷前，选择1项。本单位每有1排已被摧毁，选择+1项：
· **凶残**
· 本单位可以重投任意攻击骰。
· 本单位投掷最高攻击骰数。",S04
Bear Cavalry,战熊骑手,"· 本单位的每个模型可以承受4点伤害。
· 本单位开始激活时，可以执行1次布阵行动。",2021
Berserker Axes,狂战士双斧,本单位每有1排已被摧毁则攻击骰投掷结果+1。,2021
Berserker's Fervor,狂战士狂热,本单位每有1排已被摧毁，则其防御骰投掷结果+1且士气检测投掷结果+1。,S04
Black Fire,漆黑龙焰,"· **凶残**
· 本次攻击造成的命中无法被格挡。如果本次攻击造成任意点命中，不投掷防御骰，防御者遭受D3点伤害，每剩余1排则遭受+1点伤害，且1个位于防御者短距离范围内的敌方获得**恐慌**。",2021-S01
Blade and Fang,刀刃与尖牙,· **凶残**,2021
Bloodrider,血盟卫,本单位无法获得**力竭**。,2021
Bloodriders' Arakh,血盟卫的亚拉克弯刀,"· **破甲**
· **凶残**",S04
Boisterous Charisma,喧闹的魅力,本单位永远不会成为敌方号令、战术卡或敌方NCU影响的目标。,2021
Boldness and Courage,胆识与勇气,每当本单位执行攻击时，若其满排，则攻击骰数量+1；否则，视为其排数+1。,2021
Bolt Thrower,弩炮,"· **凶残**
· 可从本单位托盘任意一点出发测量距离与视野。
· 可遭受攻击骰结果-3来无视视野限制并获得无限射程。
· 防御者不能投掷防御骰。
· 如果防御者为骑兵、怪兽或战争器械单位，本次攻击每点成功的命中视为2点命中。",2021-S03
Bonded Bear,建立联系-熊,"· 本单位可以承受1点伤害，且不提供胜利分数。
· 如果本单位被摧毁，则它不能再被其易形者选择。
· 如果本单位被选择，当与其建立联系的易形者所在的单位激活时，将其部署至1个与该单位交战的敌方的正面或侧翼。然后本单位执行1次近战攻击行动。回合结束时移除本单位。",2021
Bonded Boar,建立联系-野猪,"· 本单位可以承受3点伤害，且不提供胜利分数。
· 本单位开始激活时，可以执行1次布阵行动。
· 任意回合开始时，如果本单位不在波罗区所在单位的长距离范围内，它将被摧毁。
· 本单位不能正常激活。当波罗区所在单位激活时，本单位紧随其后激活。",2021
Bonded Eagle,建立联系-鹰,每当本单位被选择时，标记1个敌方。将本卡附加至该敌方处直至回合结束，将本模型放置在该敌方托盘的附近作为标记。其他情形下无视本模型。,2021
Bonded Skinchanger,建立联系-易形者,每回合开始时，选择熊、鹰或狼。查阅该单位的卡牌了解更多的效果。,2021
Bonded Wolf,建立联系-狼,每当本单位被选择，标记1个位于易形者单位的长距离范围内的敌方。附加本卡至该敌方处直至回合结束，将本模型放至在单位的托盘附近作为标记。其他情形下无视本模型。,2021
Bookkeeping (Cortnay Penrose),记账,只要科塔奈·庞洛斯还在战场上，你的战术卡手牌上限+1。游戏开始时你拥有4张手牌，每当重新补充手牌时你可以抓取至多4张牌。,2021
Bookkeeping (Samwell Tarly),记账,只要山姆·塔利还在战场上，你的战术卡手牌上限+1。游戏开始时你拥有4张手牌，每当重新补充手牌时你可以抓取至多4张牌。,2021
Bran’s Protector,布兰的保护者,当布兰所在的单位被攻击后，本单位可以对该攻击者执行1次攻击或冲锋行动。,2021
Bravery in the Face of Death,无惧死亡,"游戏开始时艾德拥有4枚号令标记。
每当友方单位执行1次恐慌检测，在投骰后，你可以从艾德处移除1枚号令标记。如果这么做，在本次检测中，该单位可以重投任意骰子。
每当友方单位通过恐慌检测，你可以从艾德处移除1枚号令标记。如果这么做，该单位恢复2点伤害，且每被摧毁1排则恢复+1点伤害。",2021-S01
Brutal Armaments,凶残武器,"· **凶残**
· 防御者因本次攻击而遭受的恐慌检测失败时，每有1排被摧毁则遭受+1点伤害。",2021
Brutal Sadism,残暴的施虐癖,"在攻击骰投掷前，选择1项：
· 攻击获得**致命一击**
· 攻击获得**破甲**
· 防御者获得**恐慌**
本次攻击完成后，如果未能摧毁敌方1排，则攻击者遭受2点伤害。",2021
Bulwark Formation,壁垒阵型,如果本单位在本回合中未执行任何行动，则防御骰投掷结果+2。,2021
Castellan’s Duty,城主的责任,"游戏开始时庞洛斯拥有3枚号令标记。
当1个敌方NCU激活时，你可以从庞洛斯处移除1枚号令标记。如果这么做，选择2个区域。如果该NCU在本轮次中宣称这2个区域中的任何1个，在结算该区域效果前，标记任意数量的友方战斗单位。这些单位恢复D3+2点伤害*（总数）*。",2021
Cavalry,骑兵,"· 本单位的每个模型可以承受3点伤害。
· 本单位开始激活时，可以执行1次布阵行动。",2021
Champion’s Wrath,冠军的怒火,"· **致命一击**
· 敌方被本单位成功冲锋后获得**力竭**。
· 如果轮次开始时本单位与防御者处于交战状态，则投掷攻击骰前，防御者获得**脆弱**。",2021-S01
Chariot,战车,"· 本单位的每个模型可以承受6点伤害。
· 本单位开始激活时，可以执行1次布阵行动。",2021
Chieftain's Fury,酋长之怒,"· **凶残**
· 防御者无法投掷防御骰。
· 当玛格被摧毁时，在被移除前，他可以执行1次酋长之怒攻击。",2021
Choosing a Name,取个新名,每当贾坤激活时，他可以将自己的影响能力换为任意友方或敌方NCU的影响能力直到回合结束。,2021-S03
Claims to The Kingdom,对王国的宣称,每当本单位成为友方能力或战术卡的目标，皆视为控制 [CROWN] 和 [LETTER] 。,2021
Claw & Blade,利爪与刀刃,· **凶残**,2021
Cleaving Blows,顺劈重斩,"· 冲锋时，获得**致命一击**。
· 防御者无法投掷防御骰。",2021
Commander's Vassal,指挥官的属下,结算任何能力或效果时，本模型视为你的指挥官。,2021-S02
Conflicting Reactions,矛盾反应,"**影响***（每当本单位宣称1个区域时，附加本卡至1个战斗单位处直至该回合结束）*：
影响1个友方步兵单位期间：
· 如果你或你的对手控制 [CROWN] ，该单位近战攻击获得**凶残**。
· 如果你或你的对手控制 [SWORDS] ，该单位近战攻击获得**致命一击**。
· 如果你或你的对手控制 [OASIS] ，该单位+1 [MOVEMENT] 。",2021
Conviction of a True Khaleesi,卡丽熙的信念,"**影响***（每当本单位宣称1个区域时，附加本卡至1个战斗单位处直至该回合结束）*：
每当丹妮莉丝影响1个单位，即为其移除1枚状态标记。
丹妮莉丝影响1个单位期间，该单位的近战攻击可以重投任意攻击骰。",2021
Coordinated Assault,协同突击,当冲锋时，本单位每剩余1排则造成+1点命中。,2021
Counterstrike,反击,每当本单位遭受近战攻击，攻击者每有1点未命中即遭受1点命中。,2021
Counts and Measures,计数和测量,每当波文宣称1个区域时，你可以查看你的战术卡组中的前2张卡，将其中1张卡加入你的手牌，另1张放到战术卡组的底部。,2021
Crossbow,弩,"· **破甲**
· 当攻击短距离范围内的敌方时，可以重投攻击骰。",2021
Dauntless,不屈不挠,每当本单位通过士气检测，恢复1点伤害。,2021
Davos' Vassal,戴佛斯的家臣,结算任何能力或效果时，本模型视为戴佛斯·席渥斯。,2021-S02
Deadly Bloom,死亡绽放,每当本单位恢复任意点伤害，标记1个与本单位处于交战中的敌方，该敌方遭受1点伤害。,2021
Deadly Impact,致命冲击,冲锋时，获得**破甲**和**凶残**，防御者每剩余1排则+1点命中。,2021
Deceitful Envoy,诡诈的特使,"游戏开始时泰巴德拥有2枚号令标记。
当1个敌方NCU激活时，如果泰巴德未在战术版上，你可以从泰巴德处移除1枚号令标记。如果这么做，标记1个区域。
如果该NCU宣称该区域，在结算完该区域的效果后，1个敌方战斗单位获得 **脆弱 **。
如果本轮次中该NCU未宣称该区域，在该轮次结束时，泰巴德宣称该区域。",S04
Dervish Blades,刀舞者刀锋,"· **精准**
· 当攻击在本回合中未激活的敌方时，本次攻击获得**致命一击**。",2021
Direwolf,冰原狼,"· 本单位可以承受4点伤害。
· 本单位开始激活时，可以执行1次布阵行动。",2021
Disorganized,杂乱无章,本单位恐慌检测失败时遭受+1点伤害。,2021
Disrupt,扰乱,与本单位处于交战中的敌方攻击骰投掷结果-1。,2021
Disrupt Communication,扰乱联系,"**影响***（每当本单位宣称1个区域时，附加本卡至1个战斗单位处直至该回合结束）*：
影响1个敌方单位期间，你的对手不能将该单位作为战术区域效果或影响能力的目标。",2021-S03
Distract,惑乱,在你的轮次中，若敌方与本单位处于交战中，且本单位在敌方的侧翼或后方，该敌方失去所有能力且不能成为其友方战术卡的目标。,2021
Divide The Spoils,分赃,完成1次攻击后，该敌方每被摧毁1排，该敌方长距离范围内的1个拥有劫掠能力的友方单位就获得1枚**劫掠标记**。,2021
Divine Sacrifices,神圣的献祭,每当本单位攻击时，在攻击骰投掷前，可以遭受至多2点伤害。如果这样做，每遭受1点伤害，防御者获得**恐慌**或**脆弱**。,2021-S01
Dominance Of The Crown,王权的统治,本单位进行近战攻击时，如果你控制 [CROWN] ，此攻击的攻击骰投掷结果+1并获得**破甲**。,2021
Domineering Pride,骄扬跋扈,与剩余排数比本单位更少的敌方交战期间，本单位自动通过所有的恐慌检测。,2021
Dornish Conviction,多恩的审判,你控制 [CROWN] 期间，本单位攻击投掷最高攻击骰数。,2021
Dornish Vengeance,多恩的复仇,本单位遭受近战攻击后，如果你控制 [SWORDS] ，该攻击者遭受2点伤害，本单位每有1排已被摧毁则额外+1点伤害。,2021
Double Hammers,双锤,· **破甲**,2021
Dracarys!,龙焰！,"每当丹妮莉丝宣称1个区域，你可以替换该区域效果为：
1个友方**卓耿**、**雷哥**或**韦赛利昂**单位执行1次攻击行动。",2021
Drogo's Bloodriders,卓戈的血盟卫,"本单位无法获得**力竭**。
· 本单位的每个模型可以承受3点伤害。
· 本单位开始激活时，可以执行1次布阵行动。",S04
Drowned God's Fanatics,淹神狂热者,"· 本单位可以承受3点伤害。
· 本单位恐慌检测失败时，至多只受到1点伤害。
· 任何攻击或效果的每2点未格挡命中，仅会使本单位遭受1点伤害。",S04
Dual Weapons,双持武器,· **精准**,2021-S03
Dutiful Commander,尽职的指挥官,如果本单位是守夜人单位，在部署后，你可以在你的卡组中搜索1张**责任的磨砺**战术卡，并将其附加至本单位上，然后洗匀你的战术卡组。,2021
Duty to The Crown,对王冠的职责,每当本单位通过1次士气检测，恢复1点伤害。如果你控制 [CROWN] ，恢复+1点伤害。,2021
Duty To The Realms Of Men,对人类王国的责任,"每当杰奥宣称1个区域时，标记2个友方守夜人战斗单位。将1张附加中的友方战术卡从其中1个单位处移动至另1个单位处。
每场游戏限定1次，当杰奥宣称1个区域时，你可以用下述内容替换该区域的效果：
*从你的弃牌堆中拿取1张可以附加至单位处的战术卡，并将其附加至1个友方守夜人单位处。*",2021-S03
Elderly Caution,长者的慎重,"每当埃尔顿宣称1个区域时，你可以将该区域的效果替换为：
*抓取3张战术卡，然后将你手牌中的1张战术卡洗入你的战术卡组中。*",2021
Elusive Escape,鬼影迷踪,本单位可以重投任意的撤退距离骰。与本单位脱离战斗的敌方无法转向且获得**力竭**。,2021
Embolden,鼓舞,短距离范围内的友方单位的士气检测投掷结果+1。,2021
Enhanced Mobility,增强机动性,本单位获得+1 [MOVEMENT] 且可以在行军前转向。,2021
Executioner’s Axe,刽子手的斧头,"· **破甲**
· 如果本单位剩余排数比防御者更少，本次攻击获得**凶残**且防御者获得**恐慌**。",2021
Executioner's Fury,刽子手之怒,"**· 凶残**
· 防御骰只有结果为6时可格挡本次攻击的命中。
· 如果本单位仅剩1排，在本次攻击完成后，防御者获得**力竭**。",S04
Experiment Enhancements,试验型武器改良,本单位的近战攻击骰投掷结果+1且获得**凶残**。本单位攻击期间对手不能消耗本单位上的**力竭**标记。,2021
Expert Duelist,决斗专家,"每当本单位执行近战攻击时，在攻击骰投掷前，选择1项：
· 本次攻击造成+1点伤害。
· 标记防御者单位中的1个步兵附属并投掷1颗骰子。结果为5+时，摧毁该附属。",2021-S02
Expert Maintenance,专业保养,"游戏开始时唐纳拥有2枚号令标记。
每当1个单位进行攻击时，在攻击骰投掷后，你可以从唐纳处消耗1枚号令标记。如果这么做，选择1项：
· 攻击者可以重投任意攻击骰且对手无法从该单位处消耗**力竭**标记。
· 防御者的防御骰投掷结果+1且对手无法从该单位处消耗**脆弱**标记。",2021-S02
Eye Of The Crow,乌鸦之眼,"· 本单位可以承受4点伤害。
· 本单位开始激活时可以执行1次布阵或撤退行动。
· 本单位首次被摧毁后，在下一回合开始时，可以在任意侧翼桌边的短距离范围内部署本单位。",S04
"Family, Duty, Honor",家族·责任·荣誉,"**影响***（每当本单位宣称1个区域时，附加本卡至1个战斗单位处直至该回合结束）*：
每当凯特琳影响1个单位时，从该单位处移除1枚状态标记。
影响1个单位期间，该单位投掷最高攻击骰数。",2021
Fanatical Zeal,狂热,游戏开始时本单位拥有1枚**信仰标记**。每当本单位通过士气检测时，获得1枚信仰标记。每当本单位执行近战攻击，在攻击骰投掷前，可以消耗1枚信仰标记。如果这么做，本次攻击获得**精准**且可以重投任意攻击骰。,2021
Fealty to The Seven,忠于七神,"**影响***（每当本单位宣称1个区域时，附加本卡至1个战斗单位处直至该回合结束）*：
影响1个敌方期间，每当该敌方因恐慌检测失败而遭受伤害时，标记1个位于长距离范围内的友方单位。该单位恢复等量的伤害，至多3点。",2021
Fearless Avarice,无所畏惧的贪婪,你控制 [MONEY] 期间，本单位恐慌检测失败时遭受-1点伤害。,2021
Ferocious Assault,凶猛突击,敌方被本单位成功冲锋后获得**恐慌**。,S04
Fervent Conviction,最热诚的信念,"**影响***（每当本单位宣称1个区域时，附加本卡至1个战斗单位处直至该回合结束）*：
影响1个单位期间，每当该单位通过士气检测，与其交战的1个敌方遭受1点伤害。",S04
Fighter's Armaments,斗士团的武器,· **精准**,2021
Finding The Best Patron,寻找靠山,"游戏开始时雪伊拥有3枚号令标记。每当雪伊宣称1个区域时，在该区域效果结算后，从雪伊处移除1枚号令标记。
在每回合结束时，如果雪伊没有号令标记，将她摧毁。
每当雪伊宣称1个区域时，在结算该区域的效果前，选择1项：
· 1个友方单位恢复1点伤害。
· 1个敌方单位获得**力竭**。
· 雪伊获得2枚号令标记。",2021
Fire Arrows,火箭,"· **凶残**
· 如果防御者未通过恐慌检测，标记该单位短距离范围内的另1个敌方，该敌方遭受1次投掷结果-2的恐慌检测。",2021
First Claim,先拔头筹,"每当友方NCU宣称 [MONEY] 时，1个布莱克泰斯的选民获得1枚劫掠标记。
· 本单位拥有2枚劫掠标记期间，短距离范围内所有友方单位士气检测投掷结果+1，且恐慌检测失败时遭受的伤害-1。",S04
First of The King's Men,首席王党,当战术卡以本单位为目标时，你视为控制 [CROWN] *和* [LETTER] 区域。,2021
Flail,连枷,· **凶残**,S04
Frenzied Swings,疯狂挥棒,"· **破甲**
· 本单位每有1排被摧毁则攻击骰投掷结果+1。",2021-S02
Frey Ambition,佛雷的野心,"每当瓦妲宣称 [CROWN] 时， 1个敌方战斗单位获得**力竭**。
每当瓦妲宣称 [LETTER] 时， 你可以替换该区域效果为：
*搜索你的战术卡组或弃牌堆的1张**指挥官**战术卡并将其加入至你的手牌中。然后洗匀你的战术卡组。*
每当瓦妲宣称 [MONEY] 时，你可以不移除状态标记，而是改为恢复+1伤害。",2021
Fueled By Slaughter,嗜杀成性,本单位完成近战攻击后，如果防御者遭受任意点伤害，本单位恢复1点伤害，防御者每被摧毁1排则额外恢复+1点伤害。,2021
Furious Charge,狂怒的冲锋,敌方被本单位成功冲锋后获得**脆弱**。,2021
Furious Swing,狂暴挥击,"· **凶残**
· 本次攻击造成的命中无法被格挡。如果本次攻击造成任意点命中，不投掷防御骰，防御者遭受D3点伤害，且本单位每遭受1点伤害则防御者受到+1点伤害。",2021-S01
Fury of the Thenns,瑟恩之怒,"**影响***（每当本单位宣称1个区域时，附加本卡至1个战斗单位处直至该回合结束）*：
影响1个友方单位期间，该单位的近战攻击获得**破甲**，且该单位的攻击视为排数+1。",2021-S03
Gallows Humor,黑色幽默,本单位被摧毁至少1排期间，无法成为敌方号令、战术卡或NCU影响的目标。本单位仅剩1排期间，近战攻击骰投掷结果+1。,2021
Gang-Up,倚众凌寡,若与本单位交战的敌方同时与至少1个其它友方单位交战，所有友方单位对该敌方发起近战攻击时，近战攻击骰投掷结果+1且攻击骰数量+1。,2021
Giant,巨人,"· 本单位可以承受6点伤害。
· 任何攻击或效果的每2点未格挡命中，仅会使本单位遭受1点伤害。
· 本单位恐慌检测失败时，至多只受到2点伤害。",2021
Giant's Spear,巨人之矛,"**· 凶残**
**· 破甲**
· 如果防御者为骑兵、怪兽或战争器械，本次攻击每点成功视为2点命中。
· **仅远距攻击：**防御者无法投掷防御骰。可遭受攻击骰结果-3来无视视野限制并获得**无限射程**。",S04
"Gifts of Iron, Gold, and Steel",铁、金、钢的礼物,"在游戏开始时，在艾里处放置1枚**劫掠标记**。
当艾里或敌方NCU宣称 [MONEY] 时，在艾里处放置1枚**劫掠标记**。
当艾里宣称1个非 [MONEY] 区域时，你可以从他身上移除1枚**劫掠标记**，并将其放置在1个友方葛雷乔伊单位上。",2021-S03
Gifts of Silver and Bronze,银和铜的礼物,每当友方NCU宣称 [MONEY] 时，如果本单位是葛雷乔伊家族单位，则获得1枚劫掠标记。,2021-S03
Gilly's Insight,吉莉的洞察力,游戏开始时，在抓取战术卡手牌后，你可以抓取1张战术卡，然后将你手牌中的1张战术卡洗入你的战术卡组中。,S04
Go Down Fighting,共赴黄泉,每当本单位有1排被摧毁时，与之交战的1个敌方遭受1点伤害。,2021
Golden Fire,金色龙焰,"· **凶残**
· 本次攻击造成的命中无法被格挡。如果本次攻击造成任意点命中，不投掷防御骰，防御者遭受D3点伤害，每剩余1排则遭受+1点伤害，且1个位于防御者短距离范围内的敌方获得**脆弱**。",2021-S01
Gore and Feed,野猪獠牙,"· **破甲**
· 本次攻击结算后，如果造成任意点伤害，本单位恢复1点伤害。",2021
Great Axe,大斧,"· **破甲**
· 如果本单位拥有2枚劫掠标记，敌方额外遭受防御骰投掷结果-1。",2021-S03
Great Hammer,大锤,"· **致命一击**
· 如果防御者投掷防御骰结果出现1，在本次攻击结算后，防御者获得**力竭**。",2021
Greatsword,大剑,· **破甲**,2021
Halberd,长戟,· **破甲**,2021
Halfhand's Guidance,断掌的指导,"**影响***（每当本单位宣称1个区域时，附加本卡至1个战斗单位处直至该回合结束）*：
影响1个友方骑兵或步兵单位期间，该单位的攻击骰数量+1。",S04
Hand's Orders,国王之手的命令,"**影响***（每当本单位宣称1个区域时，附加本卡至1个战斗单位处直至该回合结束）：
影响1个单位期间，每当该单位被1个NCU的能力或1个战术区域标记为目标时，你可以选择取消该NCU或区域的效果。",2021-S03
Hardened,身经百战,每当敌方对本单位执行攻击时，在防御骰投掷后，本单位每有1排被摧毁则格挡1点命中。,2021-S02
Harma's Vassal,哈玛的属下,结算任何能力或效果时，本模型视为哈玛。,2021-S02
Harpoon,鱼叉,"· 在本次攻击完成后，防御者获得**力竭**。
· 在本次攻击中如果防御者遭受任意点伤害，则直至本回合结束，该单位遭受-1 [MOVEMENT] ，且如果该单位冲锋，则遭受无序的冲锋。",S04
Healing Hands,治愈之手,"每当特蕾妮宣称1个区域时，你可以标记1个友方战斗单位，该单位恢复1点伤害。
回合2开始时，选择1个战术区域。接下来的时机里1个敌方NCU宣称该区域，附加**扼杀者**毒药卡至该NCU处。
 [SKILL:Venom]",2021-S03
Heart of Fire,烈火之心,"游戏开始时本单位拥有1枚**信仰标记**。每当本单位通过士气检测时，获得1枚信仰标记。信仰标记可用于以下用途：
**· 当本单位执行近战攻击时，在攻击骰投掷前：**本次攻击投掷结果+1并获得**凶残**。
**· 在本单位完成近战攻击后：**本单位恢复1点伤害，且防御者每有1排已被摧毁则恢复+1点伤害。
**· 当本单位执行冲锋行动时，在该行动结算前：**本单位可以重投任意冲锋距离骰，且敌方被本单位成功冲锋后获得**恐慌**。",S04
Heir of House Targaryen,坦格利安家族的继承人,当丹妮莉丝被摧毁时，你的对手获得2点胜利分数。,2021
History is Written by the Victors,历史是由胜利者书写的,"**至高总管不能被激活，也不能以任何方式被标记为目标。他只是观察战斗。**
一旦胜者被确定，该玩家就可以定义整个游戏中发生的所有行动和事件。任何对手都不能反驳或否认上述事件的复述（无论多么不可能或夸张），直至他们在新的游戏中击败了胜利者。",2021
Hodor!,阿多！,该单位的近战攻击造成+1点伤害。,2021
Hodor!!!,阿多！！！,当本单位执行撤退行动，投掷撤退距离骰后，你可以将所有投掷的骰子结果视为6。如果你如此做，本附属失去所有的能力直至该游戏结束。,2021-S01
Horrific Rumors,可怕的谣言,"游戏开始时卢斯拥3枚号令标记。
当卢斯激活时，你可以从卢斯处移除1枚号令标记。
如果这么做，1个敌方战斗单位获得**恐慌**。
当卢斯宣称1个区域时，你可以替换该区域效果为：
*1个敌方战斗单位遭受1次恐慌检测。*",2021
Horrific Visage,可怖面容,每当1个敌方对本单位执行1次近战攻击，在该攻击结算前，标记攻击者，使其遭受1次恐慌检测，且本单位每剩余1排则结果-1。,2021
Hot Tempered,脾气暴躁,"**影响***（每当本单位宣称1个区域时，附加本卡至1个战斗单位处直至该回合结束）*：
影响1个友方单位期间，每当本单位遭受敌方近战攻击时，在该攻击行动结算后，攻击者遭受1点命中，防御者每剩余1排则额外+1点命中。",2021-S03
House of The Undying,不朽之殿,"每当俳雅·菩厉宣称1个区域时，你可以将该区域效果替换为：
*你的对手必须展示所有战术卡手牌。*
*然后，你的对手必须从手牌中随机丢弃1张战术卡 。*
每场游戏限定1次，当俳雅·菩厉宣称 [UNDYING] 时，你可以将该区域效果替换为：
*将1张战术卡从你的弃牌堆返还至你的手牌。*",2021-S03
Hrakkars & Tamers,赫拉卡与驯兽师,"· 本单位可以承受6点伤害。
· 本单位开始激活时，可以执行1次布阵行动。",2021
Hunter's Guile,猎人的诡计,"**影响***（每当本单位宣称1个区域时，附加本卡至1个战斗单位处直至该回合结束）：*
影响1个敌方单位期间，该单位将所有地形均视为带有“阻碍”关键词。
影响1个敌方单位期间，当该敌方执行近战攻击，在该行动结算前，你可以从该单位处移除本卡。如果这么做，该攻击的攻击骰投掷结果-1。",S04
Illyrio's Boon,伊利里欧的馈赠,"游戏开始时伊利里欧拥2枚号令标记。
当伊利里欧宣称1个区域时，你可以从伊利里欧处移除1枚号令标记。如果这么做，替换该区域效果为：
*标记1个友方战斗单位。该单位恢复3点伤害。与该单位处于交战中的1个敌方获得 **力竭 **。*",S04
Impaling Spear,穿刺之矛,本次攻击完成后，如果摧毁敌方1排，则位于攻击者短距离范围内的所有敌方获得**恐慌**。,2021
Improved Armaments,强化武器,你控制 [MONEY] 期间，本单位的近战攻击获得**破甲**且投掷最高攻击骰数。,2021
Improved Defenses,强化防御,你控制 [MONEY] 期间，本单位的防御骰投掷结果+1。,2021
In R'hllor's Name,以拉赫洛的名义,"**影响***（每当本单位宣称1个区域时，附加本卡至1个战斗单位处直至该回合结束）*：
每当亚塞尔影响1个敌方单位时，该单位获得**恐慌**。
影响友方单位期间，每当该单位执行近战攻击，在攻击骰投掷前，防御者获得**脆弱**。",S04
Indomitable,势不可挡,本单位无法获得**力竭**。,2021-S03
Insignificant,微不足道,本单位不会因**通过战斗获得胜利**产生胜利分数。,2021
Inspiring Presence,振奋人心,本单位士气值修正为5+。,2021
Interrogate,审问,每当本单位用近战攻击摧毁1个敌方单位，你可以查看对手手牌上的战术卡然后弃置其中1张卡。,2021
Intimidating Presence,令人生畏的存在,与本单位交战的敌方遭受士气检测投掷结果-1，且恐慌检测失败时遭受+1点伤害。,2021
Intimidation Of The Crown,王权威慑,如果你控制 [CROWN] ，当本单位执行近战攻击时，在攻击骰投掷前，防御者获得**恐慌**和**力竭**。,2021
Intrigue and Subterfuge,阴谋与诡计,每场游戏限定1次，当1个敌方NCU激活时，该NCU失去所有能力直至回合结束。,2021-S03
Iron Credit,铁的声望,"每当1个位于短距离范围内的友方单位获得劫掠标记时，放置1枚号令标记在本卡上。在本单位执行近战攻击前，你可以弃置本卡上至多2枚号令标记以获得下述效果（效果可以累计）：
· **1+：**你可以移除本单位的1枚状态标记。
· **2：**本单位投掷最高攻击骰数。",2021
Iron Resolve,钢铁意志,本单位的恐慌检测投掷结果+1且恐慌检测失败时遭受的伤害-1。,2021
Ironborn Arrows,铁种箭头,当攻击敌方的侧翼或后方时，可以重投攻击骰。,2021
Ironborn Diplomat,铁种的外交官,"每场游戏限定1次，当1个敌方NCU激活时，你可以选择2个战术区域。如果该NCU在本次激活中宣称这2个区域中的任何1个，标记至多2个敌方战斗单位。这些单位获得**恐慌**和**脆弱**。
每场游戏限定1次，当敌方NCU激活时，如果特里斯蒂芬未在战术版上，你可以选择1个战术区域。如果本轮次中该NCU未宣称该区域，在该轮次结束时，你可以激活特里斯蒂芬。",S04
Jade Fire,翡翠龙焰,"· **凶残**
· 本次攻击造成的命中无法被格挡。如果本次攻击造成任意点命中，不投掷防御骰，防御者遭受D3点伤害，每剩余1排则遭受+1点伤害，且1个位于防御者短距离范围内的敌方获得**力竭**。",2021-S01
Jagged Weapons,锯齿武器,· **凶残**,2021
Jaime's Protector,詹姆的保护者,在詹姆·兰尼斯特所在的单位被攻击后，本单位对攻击者执行1次攻击或冲锋行动。,2021
Jaime's Vassal,詹姆的属下,结算任何能力或效果时，本模型视为詹姆·兰尼斯特。,2021-S02
Joffrey's Retinue,乔佛里的随从,本单位拥有8个模型*（包括乔佛里）*，最多承受8点伤害，排数为2。,2021
Jojen's Greensight,玖健的绿之视野,"每当本单位执行1次近战攻击或冲锋行动，在该行动结算前，本单位获得下述1项：
· 可以重投任意攻击骰。
· 可以重投任意冲锋距离骰且本轮次中无视“阻碍”和“崎岖”关键词。",2021
Jokin's Protector,乔金的保护者,在乔金所在的单位被攻击后，本单位可以对该攻击者执行1次攻击或冲锋行动。,2021
Jokin's Vassal,乔金的属下,结算任何能力或效果时，本模型视为乔金。,2021
Juvenile Dragon,幼龙,"· 本单位可以承受8点伤害。
· 当布阵和行军时，本单位无视单位和地形。
· 本单位开始激活时，可以执行1次布阵行动。",2021
King's Blade,王党之刃,"**· 破甲**
· 你的对手未控制 [CROWN] 期间，此攻击获得**致命一击**且可以重投任意攻击骰。",S04
Knight’s Blade,骑士之刃,"· **破甲**
· 如果你控制 [SWORDS] ，在攻击骰投掷前，防御者获得**脆弱**。",2021
Knightly Vow,骑士的誓言,"· 部署后，标记1个敌方单位。当冲锋该敌方时，本单位可以重投冲锋距离骰。
· 你控制 [SWORDS] 期间，本单位的近战攻击骰投掷结果+1。",2021-S02
Knowledge Is Power,知识即是力量,你的战术卡手牌上限+1。游戏开始时你拥有4张手牌，每当重新补充手牌时你可以抓取至多4张牌。,S04
Lady of the Wilds,野人公主,"每当瓦迩女士宣称1个区域时，你可以将该区域的效果替换为：
*1个友方战斗单位执行1次布阵或撤退行动。*",2021-S03
Lance,骑枪,"· **破甲**
· 冲锋时，本单位每剩余1排，投掷+2攻击骰。",2021-S01
Lannister Justice,兰尼斯特的制裁,你控制 [CROWN] 期间，每当本单位执行1次行动时，在该行动结算前，长距离范围内的1个敌方遭受1次恐慌检测，本单位每剩余1排则投掷结果-1。,2021
Lannister Oppression,兰尼斯特的压迫,"· **凶残**
在攻击骰投掷前，你可以从防御者处消耗状态标记来获得下述效果：
· **恐慌**：直至本轮次结束，防御者失去所有的能力且无法成为其友方战术卡的目标。
· **脆弱**：攻击时可以重投任意攻击骰。本次攻击完成后，防御者因本次攻击每有1排被摧毁则攻击者恢复2点伤害。
· **力竭**：投掷攻击骰最高数量，且获得**破甲**。",2021-S03
Little Birds,小小鸟,"游戏开始时瓦里斯拥有3枚号令标记。
每当1个敌方NCU宣称1个区域时，在该区域效果结算后，你可以从瓦里斯处移除1枚号令标记。如果这么做，根据该区域获得下述效果：
[CROWN] ：1个敌方单位遭受1次恐慌检测。
[MONEY] ：1个友方单位恢复2点伤害。
[LETTER] ：抓取1张战术卡。
[SWORDS] ：1个敌方单位遭受3点命中。
[HORSE] ：1个友方单位调整3英寸。",S04
Little Doves,小鸽子,"游戏开始时科本拥有3枚号令标记。
当1个敌方NCU激活时，你可以从科本处移除1枚号令标记。如果这么做，选择2个区域。如果该NCU在本轮次中宣称这2个区域中的任何1个，在结算该区域效果后，标记至多2个敌方战斗单位。这些单位获得**脆弱**。",S04
Loving Counsel,忠诚的顾问,"每当克里森宣称 [CROWN] 时，你可以用下述效果替换该区域的原效果：
*抓取2张战术卡且在1个敌方战斗单位处放置1枚任意类型的状态标记。*",2021
Loyal Imposter,忠诚的冒牌者,"**影响***（每当本单位宣称1个区域时，附加本卡至1个战斗单位处直至该回合结束）*：
影响1个单位期间， 该单位士气检测结果+2。
每场游戏限定1次，任意回合开始时，你可以让你的对手获得珍妮的控制权直至该回合结束。如果这么做，你成为初始玩家。该回合中珍妮不能影响单位。",2021
Loyalty through Coin,金钱带来的忠诚,你控制 [MONEY] 期间，本单位防御骰投掷结果+1且士气检测投掷结果+1。,2021
Loyalty: Renly Baratheon,效忠：蓝礼·拜拉席恩,你的军队永远不能加入不同效忠对象的单位或附属。,2021
Loyalty: Stannis Baratheon,效忠：史坦尼斯·拜拉席恩,你的军队永远不能加入不同效忠对象的单位或附属。,2021
Lysene Charm,里斯人的魅力,"每当艾拉莉娅宣称1个区域时，标记1个友方战斗单位。你可以从该单位处移除1枚状态标记。
如果你控制 [SWORDS] ，标记该友方单位长距离范围内的1个敌方单位，该单位获得1枚状态标记。",S04
Mace & Spike,钉锤与刺盾,"在攻击骰投掷前，选择1项。本单位每有1排已被摧毁，选择+1项：
· **致命一击**
· **精准**
· 可以重投任意攻击骰。",2021
Maegi's Healing,梅吉的治疗,"每当本单位激活时，投掷1颗D3骰。结果为3时，本单位遭受1点伤害。结果为1时，选择1个效果；结果为2时，选择2个效果<i>（相同效果可重复选择）</i>：
· 本单位恢复1点伤害。
· 本单位移除1枚状态标记。",2021
Maegi's Knowledge,梅吉的智慧,"每当弥丽宣称1个区域时，恢复1个友方战斗单位1点伤害。
每当弥丽宣称1个区域时，你可以替换该区域效果为：
*选择1项：
· 标记1个友方战斗单位。附加1个已被摧毁的友方非指挥官附属至该单位处，如常替换模型，且无视常规的附属限制。
· 标记1个敌方战斗单位。该单位获得**恐慌**和**力竭**。*",S04
Maester's Healing,学士的治疗,每当伊蒙宣称1个区域时，你可以选择1个友方战斗单位为目标。该单位恢复1点伤害，每有1排已被摧毁则恢复+1点伤害。,2021
Mammoth,猛犸,"· 本单位可以承受8点伤害。
· 本单位无法控制目标。
· 本单位恐慌检测失败时，至多只受到2点伤害。
· 若本单位被摧毁，则将其移除前，标记1个与其交战的敌方。该敌方遭受D3点伤害。",2021-S01
Manipulation and Deception,操纵与欺骗,"游戏开始时派席尔拥3枚号令标记。
每当派席尔激活时，你可以从派席尔处移除1枚号令标记。如果这么做，标记1个敌方战斗单位。该单位获得**力竭**。",S04
Manticore Venom,蝎尾兽毒,每场游戏限定1次，在本单位完成1次近战攻击后，附加**蝎尾兽毒**毒药卡至防御者处直至该单位被摧毁。,2021
Marauder’s Blades,强盗之刃,"· **凶残**
· 当攻击拥有相同或更少剩余排数的敌方时，获得攻击骰投掷结果+1和 **致命一击** 。",2021-S03
Marshal,元帅,"· 本单位可以承受3点伤害。
· 本单位开始激活时，可以执行1次布阵或撤退行动。
· 短距离范围内的其它友方单位获得近战攻击骰数量+1且恐慌检测失败时遭受的伤害-1。",S04
Martial Expertise,军事提升,"每当罗德利克宣称 [SWORDS] 时，标记1个敌方战斗单位。该单位获得**脆弱**。
游戏开始时罗德利克拥2枚号令标记.
每当1个友方战斗单位执行1次近战攻击时，在攻击骰投掷后，你可以从罗德利克处消耗1枚号令标记。如果这么做，攻击者可以重投任意攻击骰。",S04
Master of the Game,游戏大师,"游戏开始时培提尔·贝里席拥2枚号令标记。
每当培提尔宣称1个区域时，你可以消耗1枚号令标记来替换该区域的效果为任意未被宣称区域的效果。
每场游戏限定1次，任意轮次开始时，你可以选择1个区域。直至该回合结束前，你视为控制该区域。",S04
Master Skinchanger,易行者大师,"· 本单位可以承受4点伤害。
· 本单位开始激活时可以执行1次布阵行动。
· 获得**瓦拉米尔的老鹰**。额外效果详见该单位数据卡的描述。",2021
Mastercraft Longsword,大师工艺长剑,永远可以重投攻击骰。,2021-S03
Mastercraft Warhammer,大师工艺战锤,"· 可重投任意攻击骰。
· 如果防御者的任意防御骰投掷结果为1，则在此攻击完成后，该单位获得**力竭**。",S04
Mercenary's Longbow,佣兵的长弓,"· 你控制 [MONEY] 期间，获得**破甲**。
· 你控制 [LETTER] 期间，在攻击骰投掷前，防御者获得**脆弱**。
· 你控制 [SWORDS] 期间，可以重投任意攻击骰。",2021
Merchant Lord's Reach,贾商领地,"每当友方NCU宣称1个区域，除非该区域效果已被替换，该区域效果获得下述额外加成：
[CROWN] 如果本次恐慌检测失败，本回合中该单位无法成为其友方号令的目标。
[MONEY] 短距离范围内的另1个友方单位恢复1点伤害。
[LETTER] 可以少抓取1张战术卡以放置+1枚状态标记在目标敌方上。
[UNDYING] 弃置你对手战术卡组顶部的1张卡。",S04
Might of The Iron Throne,铁王座的权势,"当乔佛里位于战术版期间，你视为控制 [CROWN] 。
**影响***（每当本单位宣称1个区域时，附加本卡至1个战斗单位处直至该回合结束）*：
影响1个敌方期间，该敌方恐慌检测失败时遭受+1点伤害。",2021-S01
Might of The Throne (Cortnay Penrose),铁王座的权势,"每当友方NCU宣称 [CROWN] ，你可以将该区域的效果替换为：
*科塔奈·庞洛斯所在的单位执行1次近战攻击或冲锋行动。*",S04
Might of The Throne (Kevan Lannister),铁王座的权势,"每当友方NCU宣称 [CROWN] ，你可以将该区域的效果替换为：
*凯冯·兰尼斯特所在的单位执行1次近战攻击或冲锋行动。*",S04
Misunderstood Omens,被误解的征兆,"游戏开始时放置3枚号令标记在补丁脸处。
任意回合开始时，你可以从补丁脸处消耗1枚号令标记。如果这么做，你可以声称1张战术卡的名称。如果你的对手手上拥有1张或多张与声称同名的战术卡，则必须弃置1张同名的战术卡。",2021
Mother of Dragons,龙之母,每场游戏限定1次，任意轮次开始时，你可以搜索你的战术卡组或弃牌堆中的1张丹妮莉丝指挥官卡并加入至你的手牌中。然后洗匀你的战术卡组。,2021
Motivated by Coin (Bronn),金钱的激励,"每当友方NCU宣称 [MONEY] 时，你可以替换该区域效果为：
*波隆所在的单位执行1次攻击行动。*",2021
Motivated by Coin (Daario Naharis),金钱的激励,"每当友方NCU宣称 [MONEY] 时，你可以替换该区域效果为：
*达里奥·纳哈里斯所在的单位执行1次攻击行动。*",2021
Motivated by Coin (Fortune Seeker),金钱的激励,"每当友方NCU宣称 [MONEY] 时，你可以替换该区域效果为：
*寻求财富之人所在的单位执行1次攻击行动。*",2021
Motivated by Coin (Nute),金钱的激励,"每当友方NCU宣称 [MONEY] 时，你可以替换该区域效果为：
*纽特所在的单位执行1次攻击行动。*",2021
Motivated by Coin (Stormcrow Dervishes),金钱的激励,"每当友方NCU宣称 [MONEY] 时，你可以替换该区域效果为：
*1个暴鸦团刀舞者单位执行1次攻击行动。*",2021
Motivated by Coin (Stormcrow Mercenaries),金钱的激励,"每当友方NCU宣称 [MONEY] 时，你可以替换该区域效果为：
*1个暴鸦团佣兵单位执行1次攻击行动。*",2021
Motley Armaments,混杂的军备,"攻击时，选择1项；如果攻击敌方的侧翼或后方时，选择2项：
· +1 攻击骰和 **致命一击**。
· 本轮次中防御者失去所有的能力。",2021-S03
Mummer's Blade,血戏班之刃,如果攻击1个在本回合中还未激活的敌方，在攻击骰投掷前，防御者获得**力竭**。,2021
Names On The List,暗杀名单,每当长距离范围内的友方单位失去1排时，在本卡上放置1枚号令标记。每当本单位执行1次近战攻击时，在投掷攻击骰前，你可以从本卡上移除1枚号令标记。如果你这么做，在攻击完成后，从防御者处摧毁1个步兵附属。,2021
Necessary Sacrifices,必要的牺牲,每场游戏限定1次，每当1个友方战斗单位即将被摧毁时，作为替代，该单位以剩余D3点伤害继续留在战场上。直至游戏结束，该单位被视为拉赫洛单位。,S04
Negotiator,谈判者,"**影响***（每当本单位宣称1个区域时，附加本卡至1个战斗单位处直至该回合结束）*：
每当亚莲恩·马泰尔影响1个单位，选择1项：
· 影响1个敌方单位期间，该单位的附属失去所有能力。
· 影响1个敌方单位期间，该单位无法成为友方号令的目标。",2021
Never Do What They Expect,出其不意,游戏开始时艾莉亚拥有2枚号令标记。敌方轮次开始时，你可以从艾莉亚处消耗1枚号令标记。如果这么做，标记1个友方步兵单位。该单位执行1次布阵或撤退行动。,2021-S01
Noble’s Wrath,贵族的怒火,"· **破甲**
· 本单位每遭受1点伤害则+2点命中。",2021
Northern Resilience,北境的韧性,"**影响***（每当本单位宣称1个区域时，附加本卡至1个战斗单位处直至该回合结束*）：
影响1个单位期间，该单位获得士气检测投掷结果+1，且恐慌检测失败时遭受的伤害-1。",S04
Oppressive Peacekeeping,压迫性执法,你控制 [CROWN] 期间，位于本单位短距离范围内的敌方士气检测结果-1。,2021
Order: Adaptive Planning,号令：适应性规划,"**任意轮次开始时：**
标记长距离范围内的1个战斗单位。将该单位持有的1枚状态标记替换为任意其他状态标记。",2021
Order: Adaptive Style,号令：运用自如,"**当本单位攻击或被攻击时，在攻击骰投掷前：**
选择1项：
· 在本次攻击中本单位防御骰投掷结果+1且恐慌检测投掷结果+2。
· 本次攻击获得**致命一击**和**破甲**。",S04
Order: Battle Plan,号令：战斗计划,"**任意轮次开始时：**
弃置2张战术卡以搜索你战术卡组中的1张卡加入至你的手牌中。然后洗匀你的战术卡组。",2021
Order: Charging Volley,号令：齐射、冲锋,"**当本单位完成1次远距攻击时：**
本单位对防御者执行1次冲锋行动。",2021
Order: Counterstrategy,号令：对策,"**当短距离范围内的敌方使用号令或成为战术卡的目标时：**
投掷1颗骰子：结果为3+时，取消该号令或战术卡的效果。",2021
Order: Divide The Spoils,号令: 分赃,"**任意轮次开始时：**
标记短距离范围内的1个友方葛雷乔伊家族单位。
你可以从该单位处移除1枚劫掠标记然后放置1枚劫掠标记在该单位短距离范围内的另1个友方葛雷乔伊家族单位处。",2021-S03
Order: Drowned God's Blessing,号令：淹神的祝福,"**任意轮次开始时：**
标记短距离范围内的1个友方葛雷乔伊步兵单位并选择1项：
· 该单位恢复2点伤害。
· 本轮次中该单位可以重投任意攻击骰。
· 本轮次中攻击该单位的敌方获得**脆弱**。",2021
Order: Grisly Example,号令：恐怖的例子,"**任意轮次开始时：**
本单位遭受1点伤害。标记所有短距离范围内的敌方。这些敌方获得**恐慌**。",2021
Order: Hidden Traps,号令：隐藏的陷阱,"**当长距离范围内1个未交战的敌方执行任意行动，在该行动结算前：**
选择1项：
· 该敌方遭受1点命中，每有1排则遭受+1点命中。
· 直到本轮次结束，该敌方遭受-1 [MOVEMENT] 。",2021-S01
Order: Hold The Line!,号令：坚守战线！,"**当本单位激活时：**
标记1个与本单位交战的敌方。 该敌方遭受2点命中，本单位每剩余1排则+1点命中。",2021-S01
Order: Incite,号令：煽动,"**当本单位执行1次近战攻击，在攻击骰投掷前：**
本次攻击获得**凶残**且投掷最高攻击骰数。",2021
Order: Just Shares,号令：公正的分享,"**任意轮次开始时：**
标记长距离范围内的1个友方战斗单位。从该单位处转移1枚**劫掠标记**至其短距离范围内另1个拥有劫掠能力的友方单位处。",2021
Order: King’s Blade,号令：王党之刃,"**在本单位被攻击后：**
搜索你战术卡组或弃牌堆中1张**怒火燎原**并加入至你的手牌中，然后洗匀你的战术卡组。",2021
Order: Lannister Supremacy,号令：兰尼斯特至高无上,"**本单位遭受敌方的攻击后：**
标记攻击者，使其遭受1次恐慌检测。本单位每剩余1排，该敌方的恐慌检测投掷结果-1，且失败后遭受的伤害+1。",2021
Order: Laws of the Realm,号令：王国的法律,"**位于短距离范围内的1个敌方攻击时，在攻击骰投掷前：**
在决定攻击骰数量时，该敌方视为-1排。如果该敌方只剩余1排，该敌方获得**脆弱**。",2021
Order: Mark Target,号令：标记目标,"**友方轮次开始时：**
标记长距离及视野范围内的1个敌方。该敌方获得**脆弱**。",2021
Order: Martial Training,号令：武艺训练,"**当本单位执行近战攻击，在攻击骰投掷前：**
本次攻击可以重投任意攻击骰且防御者获得**脆弱**。",2021
Order: Noble's Bolster,号令：贵族的激励,"**当长距离范围内的友方战斗单位即将获得状态标记时：**
该单位不获得该标记。",S04
Order: Overrun,号令：蹂躏,"**当本单位高歌猛进时：**
替代高歌猛进，本单位执行1次冲锋或行军行动。",S04
Order: Overwatch,号令：守望射击,"**1个敌方在本单位的长距离及视野范围内结束行军或布阵行动后：**
本单位对该敌方执行1次远距攻击行动。",2021
Order: Pit Fighter Rage,号令：斗士团的怒火,"**当本单位执行1次近战攻击，在攻击骰投掷前：**
防御者获得**脆弱**、**恐慌**和**力竭**。在本次攻击完成后，攻击者遭受2点伤害。",2021
Order: Queen’s Blade,号令：后党之刃,"**当短距离范围内的1个友方拉赫洛单位被攻击时，在攻击骰投掷前：**
搜索你战术卡组或弃牌堆中1张**拜拉席恩的正义**并加入至你的手牌中，然后洗匀你的战术卡组。",2021-S02
Order: Quick Fire,号令：快速射击,"**本单位完成布阵或撤退行动后：**
本单位可以执行1次远距攻击行动。",2021
Order: Raven Flock,号令：群鸦纷至,"**长距离范围内的敌方执行攻击时，在该攻击结算前：**
该攻击遭受攻击骰投掷结果-1。",S04
Order: Ready! Aim! Release!,号令：准备！瞄准！释放！,"**当1个敌方对本单位执行冲锋行动，在该冲锋行动结算前：**
如果冲锋开始时敌方位于本单位的正面，本单位使用最低攻击骰数对该敌方执行1次远距攻击行动。",2021-S01
Order: Reckless Heroism,号令：鲁莽主义,"**当本单位执行冲锋行动，在该行动结算前：**
本单位遭受D3点伤害，然后冲锋距离骰投掷结果视为6。",2021
Order: Resilience,号令：韧性,"每当敌方对本单位执行攻击时，在攻击骰投掷后：**
每2点未格挡命中，仅会使本单位遭受1点伤害。",S04
Order: Scavenge,号令：寻觅,"**在1个敌方对本单位完成1次攻击后：**
本单位获得1枚劫掠标记。",2021
Order: Scout Openings,号令：侦查缺口,"**友方轮次开始时：**
标记长距离范围内的1个敌方。直至该轮次结束，友方单位对该敌方的攻击可以重投任意攻击骰且获得**精准**。",2021
Order: Sentinel,号令：哨兵,"**长距离范围内的另1个友方单位被攻击后：**
本单位执行1次冲锋或布阵行动。如果冲锋，本单位必须以攻击者为目标。",2021
Order: Set an Example,号令：杀鸡儆猴,"**任意轮次开始时：**
标记位于短距离范围内的所有敌方。这些单位获得恐慌。掷1颗骰子，结果为6时，摧毁席恩。",2021
Order: Set for Charge,号令：戒备冲锋,"**当本单位遭受正面或侧翼的成功冲锋时：**
如果本单位未与其他敌方交战，在攻击者结算近战攻击前，本单位对该攻击者执行1次近战攻击行动。",2021
Order: Shield Wall,号令：盾墙,"**当本单位遭受敌方的近战攻击，在防御骰投掷后：**
如果本单位被敌方从正面或侧翼攻击，本单位每剩余1排则格挡+1点。",2021
Order: Shieldwall,号令：盾墙,"**当本单位遭受敌方的近战攻击，在防御骰投掷后：**
如果本单位被敌方从正面或侧翼攻击，本单位每剩余1排则格挡+1点。",2021
Order: Sow Discord,号令：离间,"**任意轮次开始时：**
标记长距离范围内的1个敌方。该敌方遭受1次士气检测，每被摧毁1排则投掷结果-1。如果失败，该敌方失去所有的能力直至该回合结束。",2021
Order: Spread Fear,号令：恐惧扩散,"**与本单位交战的敌方恐慌检测失败时：**
标记长距离范围内的另1个敌方单位。该敌方单位遭受1次恐慌检测，且本单位每剩余1排则投掷结果-1。如果失败，该敌方单位遭受+1点伤害。",2021
Order: Stark Fury,号令：史塔克之怒,"**当本单位执行1次近战攻击，在攻击骰投掷前：**
本次攻击获得**致命一击**和**破甲**。在本次攻击结束后，本单位遭受2点伤害，每有1排已被摧毁则-1点伤害。",2021
Order: Stay At Your Posts!,号令: 坚守岗位！,"**当1个位于短距离范围内的友方单位通过士气检测时：**
该单位恢复1点伤害，每被摧毁1排则额外+1点伤害。",2021-S03
Order: Strange Relics,号令：奇怪的遗物,"**当本单位激活时：**
本单位遭受1点伤害。标记长距离范围内的1个敌方。该敌方获得1枚状态标记。",2021
Order: Superior Flanking,号令：侧翼优势,"**当1个友方单位在长距离范围内执行1次攻击，在攻击骰投掷前：**
如果攻击防御者的侧翼或后方，防御者获得**恐慌**和**脆弱**。",2021
Order: Supply Aid,号令：紧急援助,"**友方轮次开始时：**
本单位遭受至多3点伤害。长距离范围内的另1个友方单位恢复1+等量的伤害。",2021
Order: Swift Retreat,号令：迅捷撤退,"**当敌方对本单位完成1次近战攻击后：**
本单位执行1次撤退行动。",2021
Order: Tactical Reposition,号令：战术重组,"**任意敌方轮次开始时：**
标记短距离范围内的1个友方单位为目标，该单位调整3英寸。",2021
Order: Taking a New Name,号令：取个新名,"**友方轮次开始时：**
摧毁本模型并用1个已被摧毁的步兵附属替换本模型。该附属获得**号令：取个新名**。 本回合中该号令视为已使用。",2021
Order: Taunt,号令：嘲讽,"**当长距离范围内得1个敌方激活时：**
本轮次中，如果该敌方可以攻击或冲锋本单位，且宣布执行攻击或冲锋本单位以外的任何行动，在执行该行动前，该敌方获得**力竭** 和 **脆弱**。",2021-S03
Order: Thenn Supremacy,号令：瑟恩至高无上,"**本单位遭受敌方的攻击后：**
标记攻击者，使其遭受1次恐慌检测。本单位每剩余1排，该敌方的恐慌检测投掷结果-1，且失败后遭受的伤害+1。",2021
Order: Threaten,号令：威胁,"**友方轮次开始时：**
标记位于长距离及视野范围内的1个敌方。该敌方获得**力竭**。",2021-S03
Order: To The Last!,号令：至死方休！,"**当本单位即将被摧毁：**
本单位执行1次士气检测。如果成功，本单位不被摧毁，而是剩余1点伤害继续留在战场上，然后获得**恐慌**和**脆弱**。",2021
Order: Trapper's Tools,号令：布陷人的工具,"**任意轮次开始时：**
标记位于本单位短距离及视野范围内的1个敌方。该敌方获得**脆弱**或**力竭**。如果本单位拥有2枚劫掠标记，该敌方同时获得2枚状态标记。",S04
Order: Trophy Collecting,号令：收集战利品,"**当叮当衫指挥官战术卡附加至1个友方单位后：**
搜索你战术卡组或弃牌堆中1张叮当衫指挥官战术卡且附加至本单位。然后洗匀你的战术卡组。",2021-S03
Order: Unsuspecting Charge,号令：决绝的冲锋,"**当1个位于长距离范围内的友方单位激活时：**
在本轮次中，该单位无法成为敌方号令或战术卡的目标。在本轮次中，该单位必须执行1次冲锋行动。",2021
Order: War Cry,号令：战吼,"**友方轮次开始时：**
本单位执行1次士气检测。
如果成功，标记长距离范围内的1个敌方。该敌方获得**恐慌**或**脆弱**。",2021-S02
Orders of the Crown (Cortnay Penrose),王冠的命令,"每当友方NCU宣称 [CROWN] ，你可以将该区域的效果替换为：
*科塔奈·庞洛斯所在的单位执行1次布阵或行军行动。*",2021
Orders of the Crown (Joffrey Baratheon),王冠的命令,"每当友方NCU宣称 [CROWN] ，你可以将该区域的效果替换为：
*乔佛里·拜拉席恩所在的单位执行1次布阵或行军行动。*",2021-S02
Orders of the Crown (Preston Greenfield),王冠的命令,"每当友方NCU宣称 [CROWN] ，你可以将该区域的效果替换为：
*普列斯顿·格林菲尔所在的单位执行1次布阵或行军行动。*",2021
Outflank,翼侧迂回,你可以将本单位放置在战场一旁的后备区里而不是部署。当任意回合开始时，如果你不是初始玩家，你可以在友方桌边或任意侧翼桌边的短距离范围内部署1个后备区里的单位，并处于未激活状态。,2021-S02
Outrider’s Bow,哨卫骑兵之弓,如果本单位在本轮次中未执行骑兵能力的布阵行动，本次攻击获得 **精准**，攻击骰投掷结果 +1且获得 [LONGRANGE] 。,2021-S03
Pathfinder,开拓者,本单位无视“危险”“阻碍”和“崎岖”关键词。,2021
Perseverance and Valor,毅力与英勇,当本单位执行近战攻击，在投掷攻击骰前，恢复1点伤害。,2021
Pirate's Blades,海盗之刃,"· **致命一击**
· 如果本单位拥有2枚劫掠标记，本单位投掷最高攻击骰数。
· 本次近战攻击完成后，本单位每拥有1枚劫掠标记则恢复1点伤害。",S04
Playing The Game,光明正大,"游戏开始时瑟曦拥有2枚号令标记。
每当瑟曦宣称1个区域时，你可以从瑟曦处移除1枚号令标记。
如果这么做，执行下述效果：
如果你控制了 [CROWN] ，搜索你的战术卡组或弃牌堆中1张**听我怒吼！**卡并将其添加至你的手牌中，然后洗匀你的战术卡组。
如果你控制了 [MONEY] ，搜索你的战术卡组或弃牌堆中1张**武力征服**卡并将其添加至你的手牌中，然后洗匀你的战术卡组。",2021
Poisoned Gifts,有毒的恩赐,如果本单位是葛雷乔伊家族单位，部署时便获得2枚**劫掠标记**。当本单位执行1次行动，在该行动结算前，本单位遭受1点伤害。,2021-S03
Poisoned Tridents,涂毒的三叉戟,"投掷攻击骰前，选择1项：
· 防御者获得**力竭**。
· 附加1张泽地毒药卡至防御者处。",2021
Precision,精准,本单位的近战攻击获得**精准**。,2021
Predator's Instincts,掠食者本能,每当本单位冲锋时，该单位冲锋距离骰投掷结果为1或2时遭受无序的冲锋。当本模型的易形者所在单位冲锋本单位，该易形者单位可以重投任意冲锋距离骰。,2021
Prey On Fear,猎食恐惧,每当与本单位处于交战中的1个敌方恐慌检测失败，本单位恢复2点伤害。,2021
Price of Honor,荣誉的代价,任意轮次开始时，你可以摧毁艾德。如果这么做，标记1个敌方NCU。直至本回合结束，该NCU不能激活且失去所有能力。,2021-S03
Protection of the Crown,王冠守护,控制 [CROWN] 期间，每当本单位被攻击时，可以重投任意防御骰。,2021
Proxy Orders,代理命令,"每当道朗·马泰尔宣称1个区域时，你可以替换该区域效果为：
*选择1项：
· 阿利欧·何塔所在的单位可以转向然后执行1次行军行动。
· 阿利欧·何塔所在的单位可以执行1次撤退行动。*",S04
Pulling Weeds,除草,"每当奧莲娜宣称1个区域，标记1个敌方NCU并选择1项：
· 该NCU失去所有能力直至回合结束。
· 本回合中如果该NCU宣称1个区域，在该区域效果结算前，标记1个敌方战斗单位。该单位遭受D3点命中且获得**力竭**。",2021
Pummeling Fists,重拳出击,"· **致命一击**
· **破甲**",2021
Queen's Blade,后党之刃,你的对手未控制 [CROWN] 期间，对手无法消耗本单位的**脆弱**和**恐慌**标记。,S04
Queen's Influence,王后的影响,"游戏开始时托曼拥有2枚号令标记。
每当托曼宣称1个区域时，你可以从托曼处移除1枚号令标记。如果这么做，执行下述效果：
如果你控制了 [CROWN] ，搜索你的战术卡组或弃牌堆中1张**阴谋与诡计**卡并将其添加至你的手牌中，然后洗匀你的战术卡组。
如果你控制了 [MONEY] ，搜索你的战术卡组或弃牌堆中1张**贿赂**卡并将其添加至你的手牌中，然后洗匀你的战术卡组。",S04
Queen's Promises,女王的承诺,"**影响***（每当本单位宣称1个区域时，附加本卡至1个战斗单位处直至该回合结束）*：
每当阿莎影响1个单位时，从该单位处移除1枚状态标记。
影响1个友方单位期间，该单位每拥有1枚劫掠标记则士气检测投掷结果+1。每当该单位通过士气检测，标记1个与其交战的敌方。每拥有1枚劫掠标记则该敌方遭受1点命中。",S04
R'hllor's Magics,拉赫洛的魔法,"每场游戏限定1次，在任意轮次开始时，你可以使用此能力。如果这么做，直到轮次结束前，你的对手不可以使用号令或战术卡。
每场游戏限定1次，当马奇罗宣称1个区域时，你可以替换该区域效果为：
*将1个已被摧毁的友方附属返场，附加至1个友方战斗单位处，替换1个通用模型并无视常规的附属限制。*",2021-S03
Raided Armaments,攫取武器,如果本单位拥有2枚劫掠标记，防御骰投掷结果+1。,2021-S03
Raiders Of The Free Cities,自由贸易城邦的掠夺者,"每当本单位用近战攻击摧毁敌方1排时，在本次攻击完成后，本单位获得1枚劫掠标记。本单位至多拥有2枚劫掠标记。
根据劫掠标记数量，本单位获得下述效果*（效果可以累加）*：
· 1+：士气检测投掷结果+1。
· 2：攻击骰数量+1。",2021-S03
Rally Banner,集结的旗帜,每当1个位于短距离范围内的友方单位通过1次士气检测，该单位恢复1点伤害。,2021-S03
Rally Cry,集结号,每当本单位执行1次近战攻击，在投掷攻击骰前，选择长距离范围内的1个其它友方单位。该单位恢复2点伤害。,2021
Rally Point,集结点,短距离范围内的友方单位可以以本单位的士气值执行所有类型的士气检测。,2021
Rampage,横冲直撞,"· **致命一击**
· **破甲**
· 在攻击骰投掷前，防御者获得**恐慌**。",2021-S01
Ranging Specialist (Benjen),搜索专家,班扬仅能附加至游骑兵单位。,2021
Raven Tending,驯养渡鸦,"当温达米尔宣称1个区域，你可以替换该区域效果为：
*放置1枚号令标记在温达米尔处。*
友方轮次开始时，你可以从温达米尔处移除1枚号令标记。如果这么做，选择1项：
· 抓取1张战术卡且1个友方战斗单位恢复2点伤害。
· 1个友方战斗单位调整3英寸。",2021-S03
Reaper's Fervor,收割者狂热,每当本单位执行近战攻击，在投掷攻击骰前，如果本单位拥有2枚劫掠标记，防御者获得**恐慌**，且防御者在本次攻击产生的恐慌检测中失败时，遭受+1点伤害。,S04
Reaver Axes,掠夺者双斧,"· **破甲**
· 如果本单位拥有2枚劫掠标记，则可以重投任意攻击骰。",2021-S03
Reckless Strikes,鲁莽打击,本单位的近战攻击获得**致命一击**和**精准**。每有一颗攻击骰投掷结果为1则本单位遭受1点伤害。,2021
Recruiting From The Hills,从高山招募而来,每当本单位激活时，本单位恢复1点伤害，每有1排已被摧毁则恢复+1点伤害。,2021
Recruitment,招募,"每当尤伦宣称1个区域时，在该区域效果结算前，放置1枚号令标记在尤伦处。
每当尤伦宣称 [CROWN] ，你可以替换该区域效果为：
*在尤伦处放置1枚号令标记。*
任意回合开始时，你可以从尤伦处移除4枚号令标记。
如果这么做，在友方桌边长距离范围内部署1个新兵单位。",S04
Refuge and Supplies,避难所与补给,"每场游戏限定1次，任意轮次开始时，你可以恢复1个友方步兵单位2点伤害。
每当卡斯特宣称1个区域时，你可以替换该区域效果为：
*抓取1张战术卡且1个友方步兵单位恢复2点伤害。*",S04
Regroup,重组,完成1次撤退行动后，本单位恢复2点伤害，每有1排已被摧毁则恢复+1点伤害。,2021
Reinforcements,援军,每当本单位激活时，本单位恢复1点伤害。如果你控制 [CROWN] ，恢复额外1点伤害。,2021
Relentless,无情,本单位被攻击后，可以执行1次近战攻击行动。,2021-S02
Renly's Protector,蓝礼的保护者,在蓝礼·拜拉席恩所在的单位被攻击后，本单位对攻击者执行1次攻击或冲锋行动。,2021
Renly's Retinue,蓝礼的随从,本单位拥有8个模型（包括蓝礼），最多承受8点伤害，排数为2。,2021
Repeating the Words,重复这些话,"每场游戏限定1次，当珊莎激活时，你可以将1张战术卡从你的弃牌堆返还至你的手牌。
每当珊莎宣称1个区域时，你可以将该区域的效果替换为：
*将1张战术卡从你的弃牌堆返还至你的手牌。*",2021-S01
Resolute Strikes,果断打击,"· **致命一击**
· 本单位每有1排被摧毁则攻击骰投掷结果+1。",2021
Rest and Refuge,休息与避难所,"**影响***（每当本单位宣称1个区域时，附加本卡至1个战斗单位处直至该回合结束）*：
每当卡斯特影响1个单位时，从该单位处移除1枚状态标记。
影响1个单位期间，该单位无视“崎岖”和“阻碍”关键词。",S04
"Rise Again, Blade in Hand",必将再起，手握利刃,每场游戏限定1次，当巴隆激活时，不宣称区域，而是改为重新部署1个已被摧毁的葛雷乔伊家族战斗单位至友方部署区桌边的长距离范围内，或任意侧翼桌边短距离范围内。该单位保留其之前拥有的所有劫掠标记。如果该单位之前在本回合中未激活，则部署后视为未激活，否则部署后视为已激活。,2021-S03
"Rise Again, Harder and Stronger",必将再起，其势更烈,"**伊伦仅能影响葛雷乔伊单位。**
**影响***（每当本单位宣称1个区域时，附加本卡至1个战斗单位处直至该回合结束）*：
影响1个单位期间，每当该单位执行行动时，在该行动结算前，该单位恢复1点伤害。每当该单位通过近战攻击摧毁敌方1排时，该单位恢复1点伤害。",S04
Rock Volley,投石,"· **凶残**
· 无法攻击独立单位。
· 攻击敌方时无视视野限制和射程限制。
· 如果本次攻击造成任意点命中，不投掷防御骰，防御者遭受1点伤害，且每剩余1排则+1点伤害。",S04
Roose's Vassal,卢斯的属下,结算任何能力或效果时，本模型视为卢斯·波顿。,2021
Ruthless Aggression,斩尽杀绝,"· **凶残**
· 当攻击在本回合中还未激活的敌方时，可以重投攻击骰且防御者获得**脆弱**。",2021
Ruthless Volley,无情的齐射,"· 确定视野时忽略单位和地形。
· 当攻击交战中的敌方时，获得**精准**且可以重投任意攻击骰。与该敌方交战的友方单位遭受1点伤害。",2021
Sabotage and Subvert,颠覆与破坏,每场游戏限定1次，任意轮次开始时，你对手可以对本单位造成1点伤害*（移除本模型）*。如果这么做，放置1枚状态标记在本单位上，本轮次中本单位无法使用号令或成为其友方战术卡的目标。,2021
Sacrifice For The Cause,为事业而牺牲,任意轮次开始时，如果科林未在战术版上，你可以摧毁他。如果这么做，标记1个敌方单位为目标。该单位获得**脆弱**，且在本回合中无法执行攻击或冲锋行动。,S04
Sacrifice for the King,为国王献祭,任意回合开始时，你可以激活克里森。如果这么做，本回合结束后摧毁克里森。,2021
Sacrifice To The Lord Of Light,向光之王献祭,"**影响***（每当本单位宣称1个区域时，附加本卡至1个战斗单位处直至该回合结束）：*
当梅丽珊卓影响1个友方单位时，该单位可以遭受2点伤害并执行1次恐慌检测。如果这么做，标记1个长距离范围内的敌方战斗单位。该敌方遭受1次投掷结果-2的恐慌检测，且失败后遭受的伤害+2点。
影响1个友方单位期间，该单位视为拉赫洛单位且近战攻击获得**凶残**。",2021-S03
Sadistic Butchery,残忍的屠杀,"**影响***（每当本单位宣称1个区域时，附加本卡至1个战斗单位处直至该回合结束）*：
影响1个友方单位期间， 该单位的近战攻击获得**嗜杀成性**：
*本单位完成近战攻击后，如果防御者遭受任意点伤害，本单位恢复1点伤害，防御者每被摧毁1排则额外恢复+1点伤害。*",2021
Sadistic Mutilation,残害施虐,本单位完成1次近战攻击后，你可以从防御者处消耗1枚力竭标记。如果这么做，摧毁该单位的1个步兵附属。,2021
Samwell's Influence,山姆威尔的影响,"游戏开始时吉莉拥有1枚号令标记。每当吉莉宣称1个区域时，在该区域效果结算后，从吉莉处移除1枚号令标记。
在回合结束时，如果吉莉未拥有号令标记，摧毁吉莉。",S04
Savage Mauling,野蛮重击,"· **破甲**
· **凶残**
· 本单位每遭受1点伤害则获得攻击骰数量+1。",2021
Savage Mauling (Bear),野蛮重击,防御者无法投掷防御骰。,2021
Scholar Among Raiders,突袭者中的学者,"游戏开始时罗德利克拥有2枚号令标记。
任意轮次开始时，你可以从罗德利克处移除1枚号令标记。如果这么做，将手牌中任意数量的战术卡放置在一边，然后抓取1+该数量的卡。将放置一边的卡加入至你的战术卡组中并洗匀。",2021
Scimitar,弯刀,· **致命一击**,2021
Screamer's Arakh,尖啸者的亚拉克弯刀,· **破甲**,2021-S03
Shared Fear,分享恐惧,每当本单位恐慌检测失败时，位于本单位短距离范围内的所有敌方获得**恐慌**。,2021
Shifting Loyalties,墙头草,"游戏开始时艾利斯特拥有3枚号令标记。
每当艾利斯特宣称1个区域，在结算该区域的效果后，你可以从艾利斯特处移除1枚号令标记。如果这样做，将他移动至任意未被宣称的区域，或与任意其他NCU互换区域。",2021
Sic 'Em,放狗咬人,本单位永远可以重投冲锋距离骰。被本单位成功冲锋的敌方遭受**恐慌**。,2021
Skillful Preparations,熟练的准备,"**影响***（每当本单位宣称1个区域时，附加本卡至1个战斗单位处直至该回合结束）：
影响1个单位期间，每当该单位激活或成为战术区域的目标时，在该区域效果被结算前，你可以抓取1张战术卡。",S04
Smuggler's Cunning,走私者的狡诈,"游戏开始时戴佛斯拥有3枚号令标记。
每当友方单位冲锋时，在冲锋距离骰投掷后，你可以从戴佛斯处移除1枚号令标记。如果这么做，你可以重投任意冲锋距离骰。
每当1个友方单位激活时，你可以从戴佛斯处移除1枚号令标记。如果这么做，直至轮次结束，与该单位交战的敌方不能使用号令或成为其友方战术卡的目标。",2021
Solo Rider,单独骑手,"· 本单位可以承受3点伤害。
· 本单位开始激活时，可以执行1次布阵或撤退行动。",2021
Southern Discipline,南方的纪律,每场游戏限定1次，任意回合开始时，你可以搜索你的战术卡组或弃牌堆中的1张**协调策略**或**重组与改革**战术卡并加入至你的手牌中。然后洗匀你的战术卡组。,S04
Southern Knowledge,南方的学识,每场游戏限定1次，任意轮次开始时，标记1个位于长距离及视野范围内的敌方。直至本轮次结束，该敌方失去所有的能力且不能成为其友方战术卡的目标。,2021
Spear & Net,矛与网,在本次攻击完成后，防御者获得**力竭**。,2021
Spear and Maul,长矛与撕咬,"· **凶残**
· **破甲**
· **精准**",2021
Spearwife Council,矛妇议会,"每当妲娜宣称1个区域时，根据妲娜宣称的区域以执行下述效果：
[CROWN] ：1敌方获得**力竭**。
[MONEY] ：替代移除状态标记，标记1个与本单位处于交战中的敌方。该敌方遭受1点命中，且本单位每剩余1排则额外+1点命中。
[LETTER] ：替代抓取战术卡，查看你对手战术卡组顶部的2张战术卡。你可以弃置其中1张，然后将剩余的1张放回至对手的战术卡组顶部。",S04
Spearwife's Guile,矛妇诡计,"**影响***（每当本单位宣称1个区域时，附加本卡至1个战斗单位处直至该回合结束）：*
影响1个友方单位期间，该单位获得+1 [MOVEMENT] 且无视“阻碍”和“崎岖”关键词。
影响1个敌方单位期间，该敌方遭受-1 [MOVEMENT] 且冲锋距离骰投掷结果出现1或2时遭受无序冲锋。",2021
Spiked Flail,钉刺链锤,· **凶残**,2021
Spotter,观察者,当攻击位于本单位长距离范围内的敌方时，友方战争器械单位可以重投任意攻击骰。,2021
Stag’s Fury,雄鹿之怒,"此攻击根据当前游戏回合数来获得下述效果*（效果是累积的）*：
· **2+：致命一击**
· **3+：凶残**
· **4+：破甲**
· **5+：**该单位每剩余1排则造成+1点命中。",2021
Stake Building,建造拒马,每场游戏限定1次，任意回合开始时，放置1块带有“危险”和“可破坏的”关键词的拒马地形至本单位2英寸以内。该地形不能与其他地形或单位重合。,2021
Stake Mountings,拒马配件,当本单位被成功冲锋时，攻击者在执行近战攻击前，遭受D3+1点伤害。,2021
Stalwart,忠诚拥护者,本单位的士气检测投掷结果+2。,2021
Stand Your Ground!,坚守阵地！,每当敌方对本单位执行近战攻击，如果本单位仅与1个敌方交战，该敌方无法获得冲锋、侧翼或后方的加成。,2021
Starfall Lance,星坠城骑枪,"· **破甲**
· 冲锋时，本单位每剩余1排则投掷的攻击骰数量+2。
· 如果攻击敌方的侧翼或后方，在投掷攻击骰前，该敌方获得恐慌和力竭。",2021
Stomp,重踩,"· **凶残**
· 防御者无法投掷防御骰。
· 冲锋时，防御者每剩余1排则获得+1攻击骰。",2021
Strategic Alliance,战略联盟,"每场游戏限定1次，每当瓦德宣称1个区域时，你可以替换该区域效果为：
*选择2项：
· 1敌方获得**力竭**、**脆弱**和**恐慌**。
· 1友方单位恢复3点伤害。
· 在下个回合开始时，你成为初始玩家。*",S04
Stubborn Tenacity,顽强的毅力,每当本单位通过恐慌检测，与本单位处于交战中的1个敌方遭受1点伤害。,2021
Sundering,破甲,本单位的近战攻击获得**破甲**。,2021
Sunspear Secrets,阳戟城的秘密,"每当道朗·马泰尔在对应回合宣称了指定的区域，放置1枚号令标记在本卡上。
· 回合1：宣称 [MONEY] 或 [SWORDS] 
· 回合2：宣称 [CROWN] 或 [OASIS] 
· 回合3：宣称 [LETTER] 或 [HORSE] 
· 回合4：宣称 [CROWN] 或 [SWORDS] 
· 回合5：宣称 [MONEY] 或 [OASIS] 
· 回合6：宣称 [LETTER] 或 [HORSE] 
每回合结束时，如果本卡拥有4+枚号令标记，获得1点胜利分数。",2021-S03
Superior Numbers,以多欺少,当攻击剩余排数较少的敌方时，本单位的近战攻击可以重投任意攻击骰。,2021
Support Of Haystack Hall,来自草厅的支持,"每当席拉宣称 [CROWN] 时，恢复1个友方战斗单位的1点伤害。
每当席拉宣称 [LETTER] 时，从1个友方战斗单位处移除1枚状态标记。
每当席拉宣称 [MONEY] 时，如果你移除1枚状态标记，则在1个敌方战斗单位处放置1枚同类型的状态标记。",2021
Swift Strike,迅捷攻击,本次攻击结束后，本单位可以执行1次撤退行动。,2021
Tactical Mastermind,战术大师,"你的战术卡手牌上限+1。游戏开始时你拥有4张手牌，每当重新补充手牌时你可以抓取至多4张牌。
每场游戏限定1次，当对手打出1张战术卡时，在结算该卡前，你可以搜索你的战术卡组或弃牌堆中的1张**将计就计**卡并打出，然后洗匀你的战术卡组。",2021
Tactical Strike,战术突击,"· **破甲**
· 你控制 [LETTER] 期间，此攻击投掷最高攻击骰数。",2021
The King Is Dead!,国王已死！,当曼斯被摧毁时，你的对手获得2点胜利分数且你所有位于长距离范围内的单位获得**恐慌**。,2021-S02
The Kraken's Dues,海怪的税收,"当本单位激活时，如果本单位是葛雷乔伊家族单位，你可以标记另1个友方葛雷乔伊家族单位。
你可以从该单位处移除1枚劫掠标记并放置在本单位处。
然后你可以从本单位处移除1枚劫掠标记来恢复至多2点伤害。",2021-S03
The Mountain That Rides,骑马的魔山,"· 本单位可以承受4点伤害。
· 本单位开始激活时，可以执行1次布阵行动。",2021
The Mountain's Strength,魔山的力量,· 本单位的近战攻击获得 **破甲** 且造成 +2点伤害。,2021-S03
The Rains of Castamere,卡斯特梅的雨季,"每场游戏限定1次，任意轮次开始时，标记任意数量的敌方战斗单位：
· 其中1个敌方获得**恐慌**。
· 其中1个敌方获得**脆弱**。
· 其中1个敌方遭受4点命中。
· 其中1个敌方遭受1次恐慌检测。
· 其中1个敌方失去所有的能力直至回合结束。
*（同1个战斗单位可以成为多个效果的目标）*",2021
The Rightful Queen,合法的女王,"每当1个友方NCU宣称 [CROWN] 时，你可以替换该区域的效果为：
*搜索你的战术卡组中的1张丹妮莉丝指挥官卡并加入至你的手牌中。然后洗匀你的战术卡组。*",2021
The Silence's Infamy,宁静号的恶名,如果本单位拥有2枚劫掠标记，则位于短距离范围内的敌方士气检测结果-1。,S04
"The Way, Revealed",前路，揭晓,"游戏开始时放置2枚号令标记在魁蜥处。
敌方轮次开始时，你可以从魁蜥处移除1枚号令标记。如果这么做，标记1个敌方单位为目标。
如果该单位在本轮次中执行行动，在该行动结算前，1个友方战斗单位可以执行1次布阵、行军或撤退行动。",2021
Time May Yet Come,时机未到,"**影响***（每当本单位宣称1个区域时，附加本卡至1个战斗单位处直至该回合结束）：*
影响1个友方单位期间，每当该单位执行近战攻击，在攻击骰投掷前，选择1项。本单位每有1排已被摧毁，选择+1项：
· 本单位的近战攻击可以重投任意攻击骰。
· 本单位投掷最高攻击骰数。
· 与本单位交战的1个敌方获得1枚状态标记。",2021-S03
To The Last!,直至最后！,游戏开始时在本卡上放置2枚 [WOUND] 标记。每当本单位即将被摧毁时，从本卡上移除1枚 [WOUND] 标记。然后本单位执行1次士气检测。如果成功，该单位不被摧毁，而是剩余1点伤害继续留在战场上。,2021-S01
Tooth & Claw,尖牙与利爪,· **破甲**,2021
Tracker’s Bow,跟踪者之弓,本次攻击完成后，防御者获得**脆弱**。,2021
Trample,践踏,"每当本单位执行1次行军行动，可以用践踏行动替代该行动：
将本单位转向，然后移动12英寸，穿越单位。如果本单位结束时与1个单位重叠，将本单位停在该单位前1英寸处。每个被本单位穿越的非独立单位或本单位结束移动时重叠到的单位遭受D3点伤害。",2021
True Bond,羁绊,"· 白灵可以将附加在琼恩·雪诺所在单位上的任何友方战术卡视为附加在自己身上。
· 当琼恩·雪诺所在的单位激活时，本单位可以在该单位激活后立即激活。",2021
True Conviction (Baratheon),真正的信念,如果本单位是拜拉席恩单位，每当攻击剩余排数较多的敌方时，可以重投任意攻击骰。,2021
True Conviction (Martell),真正的信念,如果本单位是马泰尔单位，每当攻击剩余排数较多的敌方时，可以重投任意攻击骰。,2021
Unbiased Justice,公正的司法,"每场游戏限定1次，任意轮次开始时，标记任意数量的友方战斗单位：
· 其中1个单位恢复2点伤害。
· 其中1个单位移除所有的状态标记。
· 其中1个单位执行1次2英寸的调整。
· 直至该回合结束，其中1个单位的攻击使用其最高的攻击骰数，且可以重投任意攻击骰。
*（同1个战斗单位可以被多个效果标记为目标。）*",2021
Uncontrolled Rage,暴走的狂怒,当本单位激活时，如果本单位可以冲锋1个敌方，本单位执行1次士气检测。如果失败，本单位对距离最近的1个敌方执行1次冲锋行动且冲锋距离骰投掷结果视为6。,2021
Unfaltering Conviction,坚定的信念,"每当1个友方战斗单位被摧毁时，放置1枚号令标记在弥桑洛处。根据号令标记数本单位获得下述效果：
· 2+：本单位的攻击骰投掷结果+1。
· 3+：本单位的防御骰投掷结果+1。",2021-S03
Unfaltering Politics,稳定的政局,"每场游戏限定1次，在整理阶段时，你可以将亚历斯·奥克赫特留在战术版上。他在下一回合不激活。
如果亚历斯·奥克赫特在任意回合开始时已在战术版上，标记1个敌方战斗单位，使其获得**力竭**。",2021
Unleashed Ferocity,释放暴行,每当本单位执行近战攻击，在投掷攻击骰前，标记防御者为目标。本单位每有1排已被摧毁，则防御者获得**恐慌**或**脆弱**。,S04
Unstoppable Wrath,所向披靡的愤怒,本单位的近战攻击造成+2点伤害。,2021
Unsullied Prowess,无垢者的勇气,"· **精准**
· 永远可以重投攻击骰。
· 攻击期间，对手无法消耗本单位上的力竭标记。",2021
Untrained Masses,乌合之众,"· 本单位可以承受6点伤害。
· 无法控制目标且无法给予胜利分数。
· 回合开始时，如果本单位不位于不拥有**乌合之众**的友方单位短距离范围内，将本单位摧毁。",2021
Unyielding,百折不挠,本单位恐慌检测失败时，每有1排已被摧毁则-1点伤害。,2021
Valuable Captive (Jaime Lannister),有价值的俘虏,本单位士气检测投掷结果+1。当詹姆被摧毁时，你对手获得1点胜利分数。,2021
Valuable Captive (Rickon Stark),有价值的俘虏,本单位士气检测投掷结果+1。当瑞肯被摧毁时，你对手获得1点胜利分数。,2021
Varamyr's Eagle,瓦拉米尔的老鹰,每回合开始时，将本卡模型放置在1个敌方战斗单位的托盘边直至本回合结束，以示附加本卡至该敌方战斗单位。其余效果都不能以本模型为选择目标。,2021
Varamyr's Scout,瓦拉米尔的侦查兵,每轮次限1次，当本单位执行布阵或行军行动时，结算该行动前，1个瓦拉米尔、影子山猫或狼群单位可以调整2英寸。,2021
Varamyr’s Shadowcat,瓦拉米尔的影子山猫,"· 本单位可以承受2点伤害。
· 无法控制目标标记且不提供胜利点数。
· 本单位开始激活时可以执行1次布阵行动。
· 本单位不以通常方式部署。任意回合开始时，可以部署本单位在战场侧翼边缘处的短距离范围内。",2021
Varamyr’s Wolf Pack,瓦拉米尔的狼群,"· 本单位可以承受3点伤害。
· 无法控制目标标记且不提供胜利点数。
· 本单位开始激活时，可以执行1次布阵行动。",2021
Vengeance Of The Crown,王冠的复仇,当本单位遭受近战攻击后，如果你控制 [CROWN] ，该攻击者遭受1点伤害，本单位每有1排被摧毁则额外+1点伤害。,2021-S01
Vengeful Captive,复仇的俘虏,你的对手控制 [CROWN] 期间，本单位攻击骰投掷结果-1。,2021
Vicious,凶残,本单位的近战攻击获得**凶残**。,2021
Vicious Mauling,凶残撕咬,"· **破甲**
· **凶残**
· 本单位每拥有1点伤害则 +1 攻击骰。",2021-S03
Victarion's Vassal,维克塔利昂的属下,结算任何能力或效果时，本模型视为维克塔利昂·葛雷乔伊。,2021-S02
Violent Reactions,剧烈反应,本单位防御骰投掷结果-1。,2021
Viper's Fangs,毒蛇的尖牙,当攻击在本回合中未激活的敌方时，防御者获得**脆弱**和**力竭**。,2021
War Elephant,战象,"· 本单位可以承受8点伤害且无法控制目标。
· 恐慌检测失败时本单位仅遭受最多2点伤害。
· 每当本单位即将执行1次行动时，如果长距离范围内没有友方黄金团步兵单位，本单位必须执行1次士气检测，如果失败，则不能执行该行动。",2021
War Flail,战争连枷,"· **凶残**
· 冲锋时，获得**致命一击**。",2021
War Hammer,战锤,如果防御者的任意防御骰投掷结果为1，则在此攻击完成后，防御者获得**力竭**。,2021
War Machine,战争器械,"· 本单位可以承受6点伤害。
· 本单位无法控制目标。
· 本单位无法获得状态标记，无法冲锋、撤退或调整。",2021
War Machines of The Wall,长城上的战争器械,"每当奥赛尔宣称1个区域时，你可以将该区域的效果替换为：
*对1个敌方战斗单位执行下述的远距攻击：*
 [ATTACK:Ranged:远距齐射:3+3] 
*防御者每剩余1排，则攻击骰数量+1。*",2021-S03
Watcher's Crossbow,守卫的十字弩,· **破甲**,2021
Weaken Resolve,削弱意志,每当与本单位交战的敌方恐慌检测失败时，该敌方获得**力竭**。,2021
Wealth Of The Thirteen,十三巨子的财富,"游戏开始时札罗拥有2枚号令标记。
每当札罗宣称 [MONEY] 时，放置1枚号令标记在札罗处。
每当1个战斗单位执行1次攻击时，你可以从札罗处移除1枚号令标记并标记该战斗单位。如果这么做，选择1项以让该单位获得/遭受直至该攻击结束：
· 决定攻击骰数量时，该单位视为其排数+1。
· 决定攻击骰数量时，该单位视为其排数-1。",S04
Whatever May Come,无论如何,每当1个敌方对本单位执行1次近战攻击，在攻击骰投掷前，你可以摧毁乔拉，如果这么做，该敌方获得 **脆弱** 和 **力竭**。,2021-S03
Widower's Protector,鳏夫的保护者,在鳏夫所在的单位被攻击后，本单位可以对该攻击者执行1次攻击或冲锋行动。,2021
Wildfire,野火,"· **凶残**
· 防御者无法投掷防御骰。",2021-S03
Winter's Bite,凛冬的撕咬,"· **致命一击**
· 如果本单位至少已有1排被摧毁，则攻击骰投掷结果+1。
· 如果本单位已有2排被摧毁，则可以重投任意攻击骰。",2021-S01
Wisdom Beyond Her Years,超越年龄的智慧,"游戏开始时，从你的战术卡组中搜索1张指挥官战术卡然后将其面朝下放置在本卡旁。
每场游戏限定1次，友方轮次开始时，你可以从手牌中弃置1张战术卡，然后将面朝下的这张卡加入到你的手牌中。",2021
Wisdom of The Old Knight,老骑士的智慧,"**影响***（每当本单位宣称1个区域时，附加本卡至1个战斗单位处直至该回合结束）：*
影响1个单位期间，每当该单位被敌方能力或战术卡标记为目标时，你可以从该单位处移除本卡以取消该能力或战术卡的效果。",2021
Wolf's Cunning,狼的狡诈,"部署后，标记1个友方战斗单位。将该单位从战场上移除，放置在场外*（后备区）*。每场游戏限定1次，当罗柏宣称 [HORSE] 时，你可以选择将该区域的效果替换为：
*将罗柏标记在后备区的单位部署在任意侧翼桌边的短距离范围内，并将此卡附加至该单位处直至游戏结束。附加期间，被该单位从侧翼或后方成功冲锋的敌方获得**恐慌**和**脆弱**。*",2021-S03
Zeal of the Drowned God,对淹神的热诚,"**贝隆仅能影响葛雷乔伊单位。
**影响***（每当本单位宣称1个区域时，附加本卡至1个战斗单位处直至该回合结束）*：
影响1个友方单位期间，该单位可以重投任意士气检测骰且获得**身经百战**能力：
**身经百战**
*每当敌方对本单位执行攻击时，在防御骰投掷后，本单位每有1排被摧毁则格挡1点命中。*",S04
Zealous Fanaticism,狂热分子,本单位的近战攻击获得**凶残**且总是投掷最高攻击骰数。攻击骰结果每有1个1则本单位遭受1点伤害。,2021
Zealous Resurgence,狂热复苏,每当本单位激活时，本单位可以消耗1枚**信仰标记**。如果这么做，本单位恢复2点伤害。,2021-S01
